{"id1":"Ababei Vasile_116995_assignsubmission_file","id2":"Alexe Robert George_116960_assignsubmission_file","similarities":{"AVG":0.8755364806866953,"MAX":0.8869565217391304},"matches":[{"file1":"Ababei Vasile_116995_assignsubmission_file\\main.cpp","file2":"Alexe Robert George_116960_assignsubmission_file\\source.cpp","start1":11,"end1":70,"start2":7,"end2":66,"tokens":71},{"file1":"Ababei Vasile_116995_assignsubmission_file\\header.h","file2":"Alexe Robert George_116960_assignsubmission_file\\source.cpp","start1":16,"end1":38,"start2":75,"end2":98,"tokens":31}],"first_similarity":0.8869565217391304,"second_similarity":0.864406779661017}