{"id1":"Alexe George_116960_assignsubmission_file","id2":"Ababei Vasile_116995_assignsubmission_file","similarities":{"AVG":0.9116279069767442,"MAX":0.98},"matches":[{"file1":"Alexe George_116960_assignsubmission_file\\source.cpp","file2":"Ababei Vasile_116995_assignsubmission_file\\main.cpp","start1":9,"end1":68,"start2":11,"end2":70,"tokens":71},{"file1":"Alexe George_116960_assignsubmission_file\\source.cpp","file2":"Ababei Vasile_116995_assignsubmission_file\\header.h","start1":68,"end1":86,"start2":21,"end2":38,"tokens":27}],"first_similarity":0.98,"second_similarity":0.8521739130434782}