{"jplag_version":{"major":5,"minor":0,"patch":0},"submission_folder_path":["C:\\Users\\z004w26z\\Desktop\\Material\\Licenta\\Licenta\\Solution\\Engine\\AutoCorrector\\Unzipped"],"base_code_folder_path":"","language":"C++ Parser","file_extensions":[".cpp",".CPP",".cxx",".CXX",".c++",".C++",".c",".C",".cc",".CC",".h",".H",".hpp",".HPP",".hh",".HH"],"submission_id_to_display_name":{"Patrasc George_117018_assignsubmission_file":"Patrasc George_117018_assignsubmission_file","Alexe Robert George_116960_assignsubmission_file":"Alexe Robert George_116960_assignsubmission_file","Ababei Vasile_116995_assignsubmission_file":"Ababei Vasile_116995_assignsubmission_file","Alin Claudiu_117017_assignsubmission_file":"Alin Claudiu_117017_assignsubmission_file"},"submission_ids_to_comparison_file_name":{"Patrasc George_117018_assignsubmission_file":{"Alexe Robert George_116960_assignsubmission_file":"Patrasc George_117018_assignsubmission_file-Alexe Robert George_116960_assignsubmission_file.json","Ababei Vasile_116995_assignsubmission_file":"Patrasc George_117018_assignsubmission_file-Ababei Vasile_116995_assignsubmission_file.json","Alin Claudiu_117017_assignsubmission_file":"Patrasc George_117018_assignsubmission_file-Alin Claudiu_117017_assignsubmission_file.json"},"Alexe Robert George_116960_assignsubmission_file":{"Patrasc George_117018_assignsubmission_file":"Patrasc George_117018_assignsubmission_file-Alexe Robert George_116960_assignsubmission_file.json","Ababei Vasile_116995_assignsubmission_file":"Ababei Vasile_116995_assignsubmission_file-Alexe Robert George_116960_assignsubmission_file.json","Alin Claudiu_117017_assignsubmission_file":"Alin Claudiu_117017_assignsubmission_file-Alexe Robert George_116960_assignsubmission_file.json"},"Ababei Vasile_116995_assignsubmission_file":{"Patrasc George_117018_assignsubmission_file":"Patrasc George_117018_assignsubmission_file-Ababei Vasile_116995_assignsubmission_file.json","Alexe Robert George_116960_assignsubmission_file":"Ababei Vasile_116995_assignsubmission_file-Alexe Robert George_116960_assignsubmission_file.json","Alin Claudiu_117017_assignsubmission_file":"Alin Claudiu_117017_assignsubmission_file-Ababei Vasile_116995_assignsubmission_file.json"},"Alin Claudiu_117017_assignsubmission_file":{"Patrasc George_117018_assignsubmission_file":"Patrasc George_117018_assignsubmission_file-Alin Claudiu_117017_assignsubmission_file.json","Alexe Robert George_116960_assignsubmission_file":"Alin Claudiu_117017_assignsubmission_file-Alexe Robert George_116960_assignsubmission_file.json","Ababei Vasile_116995_assignsubmission_file":"Alin Claudiu_117017_assignsubmission_file-Ababei Vasile_116995_assignsubmission_file.json"}},"failed_submission_names":[],"excluded_files":[],"match_sensitivity":12,"date_of_execution":"11/06/24","execution_time":21,"distributions":{"AVG":[0,0,0,0,0,0,0,0,0,0,0,0,1,0,0,0,0,0,0,0,0,0,0,0,0,0,0,0,0,0,0,0,0,0,0,0,0,0,0,0,0,0,0,0,0,0,0,0,0,0,0,0,0,0,0,0,0,1,0,0,0,0,1,0,0,0,0,0,0,0,0,0,0,0,0,0,0,0,0,0,0,0,0,0,0,0,0,0,0,0,0,0,0,0,0,0,0,0,0,3],"MAX":[0,0,0,0,0,0,0,0,0,0,0,1,0,0,0,0,0,0,0,0,0,0,0,0,0,0,0,1,0,0,0,0,0,0,0,0,0,1,0,0,0,0,0,0,0,0,0,0,0,0,0,0,0,0,0,0,0,0,0,0,0,0,0,0,0,0,0,0,0,0,0,0,0,0,0,0,0,0,0,0,0,0,0,0,0,0,0,0,0,0,0,0,0,0,0,0,0,0,0,3]},"top_comparisons":[{"first_submission":"Ababei Vasile_116995_assignsubmission_file","second_submission":"Alexe Robert George_116960_assignsubmission_file","similarities":{"AVG":0.8755364806866953,"MAX":0.8869565217391304}},{"first_submission":"Alin Claudiu_117017_assignsubmission_file","second_submission":"Alexe Robert George_116960_assignsubmission_file","similarities":{"AVG":0.42857142857142855,"MAX":0.72}},{"first_submission":"Alin Claudiu_117017_assignsubmission_file","second_submission":"Ababei Vasile_116995_assignsubmission_file","similarities":{"AVG":0.37575757575757573,"MAX":0.62}},{"first_submission":"Patrasc George_117018_assignsubmission_file","second_submission":"Ababei Vasile_116995_assignsubmission_file","similarities":{"AVG":0.0,"MAX":0.0}},{"first_submission":"Patrasc George_117018_assignsubmission_file","second_submission":"Alexe Robert George_116960_assignsubmission_file","similarities":{"AVG":0.0,"MAX":0.0}},{"first_submission":"Patrasc George_117018_assignsubmission_file","second_submission":"Alin Claudiu_117017_assignsubmission_file","similarities":{"AVG":0.0,"MAX":0.0}}],"clusters":[],"total_comparisons":6}