{"jplag_version":{"major":5,"minor":0,"patch":0},"submission_folder_path":["C:\\Users\\sziba\\Desktop\\Lic\\Licenta\\Solution\\Engine\\AutoCorrector\\Unzipped"],"base_code_folder_path":"","language":"C++ Parser","file_extensions":[".cpp",".CPP",".cxx",".CXX",".c++",".C++",".c",".C",".cc",".CC",".h",".H",".hpp",".HPP",".hh",".HH"],"submission_id_to_display_name":{"Patrasc George_117018_assignsubmission_file":"Patrasc George_117018_assignsubmission_file","Ababei Vasile_116995_assignsubmission_file":"Ababei Vasile_116995_assignsubmission_file","Alexe George_116960_assignsubmission_file":"Alexe George_116960_assignsubmission_file","Alin Claudiu_117017_assignsubmission_file":"Alin Claudiu_117017_assignsubmission_file"},"submission_ids_to_comparison_file_name":{"Patrasc George_117018_assignsubmission_file":{"Ababei Vasile_116995_assignsubmission_file":"Patrasc George_117018_assignsubmission_file-Ababei Vasile_116995_assignsubmission_file.json","Alexe George_116960_assignsubmission_file":"Patrasc George_117018_assignsubmission_file-Alexe George_116960_assignsubmission_file.json","Alin Claudiu_117017_assignsubmission_file":"Alin Claudiu_117017_assignsubmission_file-Patrasc George_117018_assignsubmission_file.json"},"Ababei Vasile_116995_assignsubmission_file":{"Patrasc George_117018_assignsubmission_file":"Patrasc George_117018_assignsubmission_file-Ababei Vasile_116995_assignsubmission_file.json","Alexe George_116960_assignsubmission_file":"Alexe George_116960_assignsubmission_file-Ababei Vasile_116995_assignsubmission_file.json","Alin Claudiu_117017_assignsubmission_file":"Alin Claudiu_117017_assignsubmission_file-Ababei Vasile_116995_assignsubmission_file.json"},"Alexe George_116960_assignsubmission_file":{"Patrasc George_117018_assignsubmission_file":"Patrasc George_117018_assignsubmission_file-Alexe George_116960_assignsubmission_file.json","Ababei Vasile_116995_assignsubmission_file":"Alexe George_116960_assignsubmission_file-Ababei Vasile_116995_assignsubmission_file.json","Alin Claudiu_117017_assignsubmission_file":"Alin Claudiu_117017_assignsubmission_file-Alexe George_116960_assignsubmission_file.json"},"Alin Claudiu_117017_assignsubmission_file":{"Patrasc George_117018_assignsubmission_file":"Alin Claudiu_117017_assignsubmission_file-Patrasc George_117018_assignsubmission_file.json","Ababei Vasile_116995_assignsubmission_file":"Alin Claudiu_117017_assignsubmission_file-Ababei Vasile_116995_assignsubmission_file.json","Alexe George_116960_assignsubmission_file":"Alin Claudiu_117017_assignsubmission_file-Alexe George_116960_assignsubmission_file.json"}},"failed_submission_names":[],"excluded_files":[],"match_sensitivity":12,"date_of_execution":"26/06/24","execution_time":27,"distributions":{"AVG":[0,0,0,0,0,0,0,0,1,0,0,0,0,0,0,0,0,0,0,0,0,0,0,0,0,0,0,0,0,0,0,0,0,0,0,0,0,0,0,0,0,0,0,0,0,0,0,0,0,0,0,0,0,0,0,0,0,0,0,0,0,1,0,0,0,0,1,0,0,0,0,0,0,0,0,0,0,0,0,0,0,0,0,0,0,0,0,0,0,0,0,0,0,0,0,0,0,0,0,3],"MAX":[0,1,0,0,0,0,0,0,0,0,0,0,0,0,0,0,0,0,0,0,0,0,0,0,0,0,0,0,0,0,0,0,0,0,0,0,0,0,0,0,0,0,1,1,0,0,0,0,0,0,0,0,0,0,0,0,0,0,0,0,0,0,0,0,0,0,0,0,0,0,0,0,0,0,0,0,0,0,0,0,0,0,0,0,0,0,0,0,0,0,0,0,0,0,0,0,0,0,0,3]},"top_comparisons":[{"first_submission":"Alexe George_116960_assignsubmission_file","second_submission":"Ababei Vasile_116995_assignsubmission_file","similarities":{"AVG":0.9116279069767442,"MAX":0.98}},{"first_submission":"Alin Claudiu_117017_assignsubmission_file","second_submission":"Alexe George_116960_assignsubmission_file","similarities":{"AVG":0.38666666666666666,"MAX":0.58}},{"first_submission":"Alin Claudiu_117017_assignsubmission_file","second_submission":"Ababei Vasile_116995_assignsubmission_file","similarities":{"AVG":0.3393939393939394,"MAX":0.56}},{"first_submission":"Patrasc George_117018_assignsubmission_file","second_submission":"Ababei Vasile_116995_assignsubmission_file","similarities":{"AVG":0.0,"MAX":0.0}},{"first_submission":"Patrasc George_117018_assignsubmission_file","second_submission":"Alexe George_116960_assignsubmission_file","similarities":{"AVG":0.0,"MAX":0.0}},{"first_submission":"Alin Claudiu_117017_assignsubmission_file","second_submission":"Patrasc George_117018_assignsubmission_file","similarities":{"AVG":0.0,"MAX":0.0}}],"clusters":[],"total_comparisons":6}