{"submission_file_indexes":{"Alexe Robert George_116960_assignsubmission_file":{"Alexe Robert George_116960_assignsubmission_file\\source.cpp":{"token_count":119}},"Patrasc George_117018_assignsubmission_file":{"Patrasc George_117018_assignsubmission_file\\source.cpp":{"token_count":12}},"Ababei Vasile_116995_assignsubmission_file":{"Ababei Vasile_116995_assignsubmission_file\\main.cpp":{"token_count":73},"Ababei Vasile_116995_assignsubmission_file\\header.h":{"token_count":44}},"Alin Claudiu_117017_assignsubmission_file":{"Alin Claudiu_117017_assignsubmission_file\\source.cpp":{"token_count":51}}}}